pF [-],Water Content [Vol%],soiltype,treatment
-3,68.32,soil_sand,Wetting
-2.98,68.32,soil_sand,Wetting
-2.96,68.32,soil_sand,Wetting
-2.94,68.32,soil_sand,Wetting
-2.92,68.32,soil_sand,Wetting
-2.9,68.32,soil_sand,Wetting
-2.88,68.32,soil_sand,Wetting
-2.86,68.32,soil_sand,Wetting
-2.84,68.32,soil_sand,Wetting
-2.82,68.32,soil_sand,Wetting
-2.8,68.32,soil_sand,Wetting
-2.78,68.32,soil_sand,Wetting
-2.76,68.32,soil_sand,Wetting
-2.739,68.32,soil_sand,Wetting
-2.719,68.32,soil_sand,Wetting
-2.699,68.32,soil_sand,Wetting
-2.679,68.32,soil_sand,Wetting
-2.659,68.32,soil_sand,Wetting
-2.639,68.32,soil_sand,Wetting
-2.619,68.32,soil_sand,Wetting
-2.599,68.32,soil_sand,Wetting
-2.579,68.32,soil_sand,Wetting
-2.559,68.32,soil_sand,Wetting
-2.539,68.32,soil_sand,Wetting
-2.519,68.32,soil_sand,Wetting
-2.499,68.32,soil_sand,Wetting
-2.479,68.32,soil_sand,Wetting
-2.459,68.32,soil_sand,Wetting
-2.439,68.32,soil_sand,Wetting
-2.419,68.32,soil_sand,Wetting
-2.399,68.32,soil_sand,Wetting
-2.379,68.32,soil_sand,Wetting
-2.359,68.32,soil_sand,Wetting
-2.339,68.32,soil_sand,Wetting
-2.319,68.32,soil_sand,Wetting
-2.299,68.32,soil_sand,Wetting
-2.279,68.32,soil_sand,Wetting
-2.259,68.32,soil_sand,Wetting
-2.238,68.32,soil_sand,Wetting
-2.218,68.32,soil_sand,Wetting
-2.198,68.32,soil_sand,Wetting
-2.178,68.32,soil_sand,Wetting
-2.158,68.32,soil_sand,Wetting
-2.138,68.32,soil_sand,Wetting
-2.118,68.32,soil_sand,Wetting
-2.098,68.32,soil_sand,Wetting
-2.078,68.32,soil_sand,Wetting
-2.058,68.32,soil_sand,Wetting
-2.038,68.32,soil_sand,Wetting
-2.018,68.32,soil_sand,Wetting
-1.998,68.32,soil_sand,Wetting
-1.978,68.32,soil_sand,Wetting
-1.958,68.32,soil_sand,Wetting
-1.938,68.32,soil_sand,Wetting
-1.918,68.32,soil_sand,Wetting
-1.898,68.32,soil_sand,Wetting
-1.878,68.32,soil_sand,Wetting
-1.858,68.32,soil_sand,Wetting
-1.838,68.32,soil_sand,Wetting
-1.818,68.32,soil_sand,Wetting
-1.798,68.32,soil_sand,Wetting
-1.778,68.32,soil_sand,Wetting
-1.758,68.32,soil_sand,Wetting
-1.737,68.32,soil_sand,Wetting
-1.717,68.32,soil_sand,Wetting
-1.697,68.32,soil_sand,Wetting
-1.677,68.32,soil_sand,Wetting
-1.657,68.32,soil_sand,Wetting
-1.637,68.32,soil_sand,Wetting
-1.617,68.32,soil_sand,Wetting
-1.597,68.32,soil_sand,Wetting
-1.577,68.32,soil_sand,Wetting
-1.557,68.32,soil_sand,Wetting
-1.537,68.32,soil_sand,Wetting
-1.517,68.32,soil_sand,Wetting
-1.497,68.32,soil_sand,Wetting
-1.477,68.32,soil_sand,Wetting
-1.457,68.32,soil_sand,Wetting
-1.437,68.32,soil_sand,Wetting
-1.417,68.32,soil_sand,Wetting
-1.397,68.32,soil_sand,Wetting
-1.377,68.32,soil_sand,Wetting
-1.357,68.32,soil_sand,Wetting
-1.337,68.32,soil_sand,Wetting
-1.317,68.32,soil_sand,Wetting
-1.297,68.32,soil_sand,Wetting
-1.277,68.32,soil_sand,Wetting
-1.257,68.32,soil_sand,Wetting
-1.236,68.32,soil_sand,Wetting
-1.216,68.32,soil_sand,Wetting
-1.196,68.32,soil_sand,Wetting
-1.176,68.32,soil_sand,Wetting
-1.156,68.32,soil_sand,Wetting
-1.136,68.32,soil_sand,Wetting
-1.116,68.32,soil_sand,Wetting
-1.096,68.32,soil_sand,Wetting
-1.076,68.32,soil_sand,Wetting
-1.056,68.32,soil_sand,Wetting
-1.036,68.32,soil_sand,Wetting
-1.016,68.32,soil_sand,Wetting
-0.996,68.32,soil_sand,Wetting
-0.976,68.32,soil_sand,Wetting
-0.956,68.32,soil_sand,Wetting
-0.936,68.32,soil_sand,Wetting
-0.916,68.32,soil_sand,Wetting
-0.896,68.32,soil_sand,Wetting
-0.876,68.32,soil_sand,Wetting
-0.856,68.32,soil_sand,Wetting
-0.836,68.32,soil_sand,Wetting
-0.816,68.32,soil_sand,Wetting
-0.796,68.32,soil_sand,Wetting
-0.776,68.32,soil_sand,Wetting
-0.756,68.32,soil_sand,Wetting
-0.735,68.32,soil_sand,Wetting
-0.715,68.32,soil_sand,Wetting
-0.695,68.32,soil_sand,Wetting
-0.675,68.32,soil_sand,Wetting
-0.655,68.32,soil_sand,Wetting
-0.635,68.32,soil_sand,Wetting
-0.615,68.32,soil_sand,Wetting
-0.595,68.32,soil_sand,Wetting
-0.575,68.32,soil_sand,Wetting
-0.555,68.32,soil_sand,Wetting
-0.535,68.32,soil_sand,Wetting
-0.515,68.32,soil_sand,Wetting
-0.495,68.32,soil_sand,Wetting
-0.475,68.32,soil_sand,Wetting
-0.455,68.32,soil_sand,Wetting
-0.435,68.32,soil_sand,Wetting
-0.415,68.32,soil_sand,Wetting
-0.395,68.32,soil_sand,Wetting
-0.375,68.32,soil_sand,Wetting
-0.355,68.32,soil_sand,Wetting
-0.335,68.32,soil_sand,Wetting
-0.315,68.32,soil_sand,Wetting
-0.295,68.32,soil_sand,Wetting
-0.275,68.32,soil_sand,Wetting
-0.255,68.32,soil_sand,Wetting
-0.234,68.32,soil_sand,Wetting
-0.214,68.32,soil_sand,Wetting
-0.194,68.32,soil_sand,Wetting
-0.174,68.32,soil_sand,Wetting
-0.154,68.32,soil_sand,Wetting
-0.134,68.32,soil_sand,Wetting
-0.114,68.32,soil_sand,Wetting
-0.094,68.32,soil_sand,Wetting
-0.074,68.32,soil_sand,Wetting
-0.054,68.32,soil_sand,Wetting
-0.034,68.32,soil_sand,Wetting
-0.014,68.32,soil_sand,Wetting
0.006,68.31,soil_sand,Wetting
0.026,68.31,soil_sand,Wetting
0.046,68.31,soil_sand,Wetting
0.066,68.31,soil_sand,Wetting
0.086,68.31,soil_sand,Wetting
0.106,68.31,soil_sand,Wetting
0.126,68.31,soil_sand,Wetting
0.146,68.31,soil_sand,Wetting
0.166,68.31,soil_sand,Wetting
0.186,68.31,soil_sand,Wetting
0.206,68.31,soil_sand,Wetting
0.226,68.31,soil_sand,Wetting
0.246,68.31,soil_sand,Wetting
0.267,68.31,soil_sand,Wetting
0.287,68.31,soil_sand,Wetting
0.307,68.31,soil_sand,Wetting
0.327,68.31,soil_sand,Wetting
0.347,68.31,soil_sand,Wetting
0.367,68.31,soil_sand,Wetting
0.387,68.3,soil_sand,Wetting
0.407,68.3,soil_sand,Wetting
0.427,68.3,soil_sand,Wetting
0.447,68.3,soil_sand,Wetting
0.467,68.3,soil_sand,Wetting
0.487,68.3,soil_sand,Wetting
0.507,68.3,soil_sand,Wetting
0.527,68.3,soil_sand,Wetting
0.547,68.29,soil_sand,Wetting
0.567,68.29,soil_sand,Wetting
0.587,68.29,soil_sand,Wetting
0.607,68.29,soil_sand,Wetting
0.627,68.29,soil_sand,Wetting
0.647,68.28,soil_sand,Wetting
0.667,68.28,soil_sand,Wetting
0.687,68.28,soil_sand,Wetting
0.707,68.27,soil_sand,Wetting
0.727,68.27,soil_sand,Wetting
0.747,68.27,soil_sand,Wetting
0.768,68.26,soil_sand,Wetting
0.788,68.26,soil_sand,Wetting
0.808,68.26,soil_sand,Wetting
0.828,68.25,soil_sand,Wetting
0.848,68.25,soil_sand,Wetting
0.868,68.24,soil_sand,Wetting
0.888,68.23,soil_sand,Wetting
0.908,68.23,soil_sand,Wetting
0.928,68.22,soil_sand,Wetting
0.948,68.21,soil_sand,Wetting
0.968,68.21,soil_sand,Wetting
0.988,68.2,soil_sand,Wetting
1.008,68.19,soil_sand,Wetting
1.028,68.18,soil_sand,Wetting
1.048,68.17,soil_sand,Wetting
1.068,68.16,soil_sand,Wetting
1.088,68.14,soil_sand,Wetting
1.108,68.13,soil_sand,Wetting
1.128,68.12,soil_sand,Wetting
1.148,68.1,soil_sand,Wetting
1.168,68.09,soil_sand,Wetting
1.188,68.07,soil_sand,Wetting
1.208,68.05,soil_sand,Wetting
1.228,68.03,soil_sand,Wetting
1.248,68.01,soil_sand,Wetting
1.269,67.99,soil_sand,Wetting
1.289,67.96,soil_sand,Wetting
1.309,67.93,soil_sand,Wetting
1.329,67.91,soil_sand,Wetting
1.349,67.88,soil_sand,Wetting
1.369,67.84,soil_sand,Wetting
1.389,67.81,soil_sand,Wetting
1.409,67.77,soil_sand,Wetting
1.429,67.73,soil_sand,Wetting
1.449,67.69,soil_sand,Wetting
1.469,67.64,soil_sand,Wetting
1.489,67.59,soil_sand,Wetting
1.509,67.54,soil_sand,Wetting
1.529,67.48,soil_sand,Wetting
1.549,67.42,soil_sand,Wetting
1.569,67.35,soil_sand,Wetting
1.589,67.28,soil_sand,Wetting
1.609,67.2,soil_sand,Wetting
1.629,67.12,soil_sand,Wetting
1.649,67.04,soil_sand,Wetting
1.669,66.94,soil_sand,Wetting
1.689,66.85,soil_sand,Wetting
1.709,66.74,soil_sand,Wetting
1.729,66.63,soil_sand,Wetting
1.749,66.51,soil_sand,Wetting
1.77,66.38,soil_sand,Wetting
1.79,66.24,soil_sand,Wetting
1.81,66.09,soil_sand,Wetting
1.83,65.94,soil_sand,Wetting
1.85,65.77,soil_sand,Wetting
1.87,65.6,soil_sand,Wetting
1.89,65.41,soil_sand,Wetting
1.91,65.21,soil_sand,Wetting
1.93,65,soil_sand,Wetting
1.95,64.77,soil_sand,Wetting
1.97,64.54,soil_sand,Wetting
1.99,64.28,soil_sand,Wetting
2.01,64.02,soil_sand,Wetting
2.03,63.74,soil_sand,Wetting
2.05,63.44,soil_sand,Wetting
2.07,63.12,soil_sand,Wetting
2.09,62.79,soil_sand,Wetting
2.11,62.45,soil_sand,Wetting
2.13,62.08,soil_sand,Wetting
2.15,61.7,soil_sand,Wetting
2.17,61.3,soil_sand,Wetting
2.19,60.88,soil_sand,Wetting
2.21,60.44,soil_sand,Wetting
2.23,59.98,soil_sand,Wetting
2.251,59.51,soil_sand,Wetting
2.271,59.01,soil_sand,Wetting
2.291,58.5,soil_sand,Wetting
2.311,57.96,soil_sand,Wetting
2.331,57.41,soil_sand,Wetting
2.351,56.84,soil_sand,Wetting
2.371,56.25,soil_sand,Wetting
2.391,55.64,soil_sand,Wetting
2.411,55.02,soil_sand,Wetting
2.431,54.38,soil_sand,Wetting
2.451,53.73,soil_sand,Wetting
2.471,53.06,soil_sand,Wetting
2.491,52.38,soil_sand,Wetting
2.511,51.68,soil_sand,Wetting
2.531,50.98,soil_sand,Wetting
2.551,50.26,soil_sand,Wetting
2.571,49.53,soil_sand,Wetting
2.591,48.8,soil_sand,Wetting
2.611,48.06,soil_sand,Wetting
2.631,47.31,soil_sand,Wetting
2.651,46.55,soil_sand,Wetting
2.671,45.8,soil_sand,Wetting
2.691,45.04,soil_sand,Wetting
2.711,44.28,soil_sand,Wetting
2.731,43.52,soil_sand,Wetting
2.752,42.76,soil_sand,Wetting
2.772,42,soil_sand,Wetting
2.792,41.24,soil_sand,Wetting
2.812,40.49,soil_sand,Wetting
2.832,39.74,soil_sand,Wetting
2.852,39,soil_sand,Wetting
2.872,38.26,soil_sand,Wetting
2.892,37.53,soil_sand,Wetting
2.912,36.81,soil_sand,Wetting
2.932,36.09,soil_sand,Wetting
2.952,35.39,soil_sand,Wetting
2.972,34.69,soil_sand,Wetting
2.992,34,soil_sand,Wetting
3.012,33.33,soil_sand,Wetting
3.032,32.66,soil_sand,Wetting
3.052,32.01,soil_sand,Wetting
3.072,31.36,soil_sand,Wetting
3.092,30.73,soil_sand,Wetting
3.112,30.1,soil_sand,Wetting
3.132,29.49,soil_sand,Wetting
3.152,28.89,soil_sand,Wetting
3.172,28.3,soil_sand,Wetting
3.192,27.73,soil_sand,Wetting
3.212,27.16,soil_sand,Wetting
3.232,26.61,soil_sand,Wetting
3.253,26.06,soil_sand,Wetting
3.273,25.53,soil_sand,Wetting
3.293,25.01,soil_sand,Wetting
3.313,24.51,soil_sand,Wetting
3.333,24.01,soil_sand,Wetting
3.353,23.52,soil_sand,Wetting
3.373,23.05,soil_sand,Wetting
3.393,22.58,soil_sand,Wetting
3.413,22.13,soil_sand,Wetting
3.433,21.69,soil_sand,Wetting
3.453,21.26,soil_sand,Wetting
3.473,20.83,soil_sand,Wetting
3.493,20.42,soil_sand,Wetting
3.513,20.02,soil_sand,Wetting
3.533,19.63,soil_sand,Wetting
3.553,19.24,soil_sand,Wetting
3.573,18.87,soil_sand,Wetting
3.593,18.51,soil_sand,Wetting
3.613,18.15,soil_sand,Wetting
3.633,17.8,soil_sand,Wetting
3.653,17.47,soil_sand,Wetting
3.673,17.14,soil_sand,Wetting
3.693,16.82,soil_sand,Wetting
3.713,16.5,soil_sand,Wetting
3.733,16.2,soil_sand,Wetting
3.754,15.9,soil_sand,Wetting
3.774,15.61,soil_sand,Wetting
3.794,15.32,soil_sand,Wetting
3.814,15.05,soil_sand,Wetting
3.834,14.78,soil_sand,Wetting
3.854,14.52,soil_sand,Wetting
3.874,14.26,soil_sand,Wetting
3.894,14.01,soil_sand,Wetting
3.914,13.77,soil_sand,Wetting
3.934,13.53,soil_sand,Wetting
3.954,13.3,soil_sand,Wetting
3.974,13.08,soil_sand,Wetting
3.994,12.86,soil_sand,Wetting
4.014,12.65,soil_sand,Wetting
4.034,12.44,soil_sand,Wetting
4.054,12.24,soil_sand,Wetting
4.074,12.04,soil_sand,Wetting
4.094,11.85,soil_sand,Wetting
4.114,11.66,soil_sand,Wetting
4.134,11.48,soil_sand,Wetting
4.154,11.3,soil_sand,Wetting
4.174,11.13,soil_sand,Wetting
4.194,10.96,soil_sand,Wetting
4.214,10.8,soil_sand,Wetting
4.234,10.64,soil_sand,Wetting
4.255,10.48,soil_sand,Wetting
4.275,10.33,soil_sand,Wetting
4.295,10.18,soil_sand,Wetting
4.315,10.04,soil_sand,Wetting
4.335,9.9,soil_sand,Wetting
4.355,9.76,soil_sand,Wetting
4.375,9.63,soil_sand,Wetting
4.395,9.5,soil_sand,Wetting
4.415,9.37,soil_sand,Wetting
4.435,9.25,soil_sand,Wetting
4.455,9.13,soil_sand,Wetting
4.475,9.01,soil_sand,Wetting
4.495,8.9,soil_sand,Wetting
4.515,8.79,soil_sand,Wetting
4.535,8.68,soil_sand,Wetting
4.555,8.58,soil_sand,Wetting
4.575,8.47,soil_sand,Wetting
4.595,8.37,soil_sand,Wetting
4.615,8.28,soil_sand,Wetting
4.635,8.18,soil_sand,Wetting
4.655,8.09,soil_sand,Wetting
4.675,8,soil_sand,Wetting
4.695,7.91,soil_sand,Wetting
4.715,7.83,soil_sand,Wetting
4.735,7.75,soil_sand,Wetting
4.756,7.66,soil_sand,Wetting
4.776,7.59,soil_sand,Wetting
4.796,7.51,soil_sand,Wetting
4.816,7.44,soil_sand,Wetting
4.836,7.36,soil_sand,Wetting
4.856,7.29,soil_sand,Wetting
4.876,7.22,soil_sand,Wetting
4.896,7.16,soil_sand,Wetting
4.916,7.09,soil_sand,Wetting
4.936,7.03,soil_sand,Wetting
4.956,6.96,soil_sand,Wetting
4.976,6.9,soil_sand,Wetting
4.996,6.85,soil_sand,Wetting
5.016,6.79,soil_sand,Wetting
5.036,6.73,soil_sand,Wetting
5.056,6.68,soil_sand,Wetting
5.076,6.63,soil_sand,Wetting
5.096,6.57,soil_sand,Wetting
5.116,6.52,soil_sand,Wetting
5.136,6.47,soil_sand,Wetting
5.156,6.43,soil_sand,Wetting
5.176,6.38,soil_sand,Wetting
5.196,6.34,soil_sand,Wetting
5.216,6.29,soil_sand,Wetting
5.236,6.25,soil_sand,Wetting
5.257,6.21,soil_sand,Wetting
5.277,6.17,soil_sand,Wetting
5.297,6.13,soil_sand,Wetting
5.317,6.09,soil_sand,Wetting
5.337,6.05,soil_sand,Wetting
5.357,6.01,soil_sand,Wetting
5.377,5.98,soil_sand,Wetting
5.397,5.94,soil_sand,Wetting
5.417,5.91,soil_sand,Wetting
5.437,5.88,soil_sand,Wetting
5.457,5.84,soil_sand,Wetting
5.477,5.81,soil_sand,Wetting
5.497,5.78,soil_sand,Wetting
5.517,5.75,soil_sand,Wetting
5.537,5.72,soil_sand,Wetting
5.557,5.7,soil_sand,Wetting
5.577,5.67,soil_sand,Wetting
5.597,5.64,soil_sand,Wetting
5.617,5.62,soil_sand,Wetting
5.637,5.59,soil_sand,Wetting
5.657,5.57,soil_sand,Wetting
5.677,5.54,soil_sand,Wetting
5.697,5.52,soil_sand,Wetting
5.717,5.5,soil_sand,Wetting
5.737,5.47,soil_sand,Wetting
5.758,5.45,soil_sand,Wetting
5.778,5.43,soil_sand,Wetting
5.798,5.41,soil_sand,Wetting
5.818,5.39,soil_sand,Wetting
5.838,5.37,soil_sand,Wetting
5.858,5.35,soil_sand,Wetting
5.878,5.33,soil_sand,Wetting
5.898,5.32,soil_sand,Wetting
5.918,5.3,soil_sand,Wetting
5.938,5.28,soil_sand,Wetting
5.958,5.27,soil_sand,Wetting
5.978,5.25,soil_sand,Wetting
5.998,5.23,soil_sand,Wetting
6.018,5.22,soil_sand,Wetting
6.038,5.2,soil_sand,Wetting
6.058,5.19,soil_sand,Wetting
6.078,5.17,soil_sand,Wetting
6.098,5.16,soil_sand,Wetting
6.118,5.15,soil_sand,Wetting
6.138,5.13,soil_sand,Wetting
6.158,5.12,soil_sand,Wetting
6.178,5.11,soil_sand,Wetting
6.198,5.1,soil_sand,Wetting
6.218,5.08,soil_sand,Wetting
6.238,5.07,soil_sand,Wetting
6.259,5.06,soil_sand,Wetting
6.279,5.05,soil_sand,Wetting
6.299,5.04,soil_sand,Wetting
6.319,5.03,soil_sand,Wetting
6.339,5.02,soil_sand,Wetting
6.359,5.01,soil_sand,Wetting
6.379,5,soil_sand,Wetting
6.399,4.99,soil_sand,Wetting
6.419,4.98,soil_sand,Wetting
6.439,4.97,soil_sand,Wetting
6.459,4.97,soil_sand,Wetting
6.479,4.96,soil_sand,Wetting
6.499,4.95,soil_sand,Wetting
6.519,4.94,soil_sand,Wetting
6.539,4.93,soil_sand,Wetting
6.559,4.93,soil_sand,Wetting
6.579,4.92,soil_sand,Wetting
6.599,4.91,soil_sand,Wetting
6.619,4.9,soil_sand,Wetting
6.639,4.9,soil_sand,Wetting
6.659,4.89,soil_sand,Wetting
6.679,4.88,soil_sand,Wetting
6.699,4.88,soil_sand,Wetting
6.719,4.87,soil_sand,Wetting
6.739,4.87,soil_sand,Wetting
6.76,4.86,soil_sand,Wetting
6.78,4.85,soil_sand,Wetting
6.8,4.85,soil_sand,Wetting
6.82,4.84,soil_sand,Wetting
6.84,4.84,soil_sand,Wetting
6.86,4.83,soil_sand,Wetting
6.88,4.83,soil_sand,Wetting
6.9,4.82,soil_sand,Wetting
6.92,4.82,soil_sand,Wetting
6.94,4.81,soil_sand,Wetting
6.96,4.81,soil_sand,Wetting
6.98,4.81,soil_sand,Wetting
7,4.8,soil_sand,Wetting
-3,69.45,soil,Wetting
-2.98,69.45,soil,Wetting
-2.96,69.45,soil,Wetting
-2.94,69.45,soil,Wetting
-2.92,69.45,soil,Wetting
-2.9,69.45,soil,Wetting
-2.88,69.45,soil,Wetting
-2.86,69.45,soil,Wetting
-2.84,69.45,soil,Wetting
-2.82,69.45,soil,Wetting
-2.8,69.45,soil,Wetting
-2.78,69.45,soil,Wetting
-2.76,69.45,soil,Wetting
-2.739,69.45,soil,Wetting
-2.719,69.45,soil,Wetting
-2.699,69.45,soil,Wetting
-2.679,69.45,soil,Wetting
-2.659,69.45,soil,Wetting
-2.639,69.45,soil,Wetting
-2.619,69.45,soil,Wetting
-2.599,69.45,soil,Wetting
-2.579,69.45,soil,Wetting
-2.559,69.45,soil,Wetting
-2.539,69.45,soil,Wetting
-2.519,69.45,soil,Wetting
-2.499,69.45,soil,Wetting
-2.479,69.45,soil,Wetting
-2.459,69.45,soil,Wetting
-2.439,69.45,soil,Wetting
-2.419,69.45,soil,Wetting
-2.399,69.45,soil,Wetting
-2.379,69.45,soil,Wetting
-2.359,69.45,soil,Wetting
-2.339,69.45,soil,Wetting
-2.319,69.45,soil,Wetting
-2.299,69.45,soil,Wetting
-2.279,69.45,soil,Wetting
-2.259,69.45,soil,Wetting
-2.238,69.45,soil,Wetting
-2.218,69.45,soil,Wetting
-2.198,69.45,soil,Wetting
-2.178,69.45,soil,Wetting
-2.158,69.45,soil,Wetting
-2.138,69.45,soil,Wetting
-2.118,69.45,soil,Wetting
-2.098,69.45,soil,Wetting
-2.078,69.45,soil,Wetting
-2.058,69.45,soil,Wetting
-2.038,69.45,soil,Wetting
-2.018,69.45,soil,Wetting
-1.998,69.45,soil,Wetting
-1.978,69.45,soil,Wetting
-1.958,69.45,soil,Wetting
-1.938,69.45,soil,Wetting
-1.918,69.45,soil,Wetting
-1.898,69.45,soil,Wetting
-1.878,69.45,soil,Wetting
-1.858,69.45,soil,Wetting
-1.838,69.45,soil,Wetting
-1.818,69.45,soil,Wetting
-1.798,69.45,soil,Wetting
-1.778,69.45,soil,Wetting
-1.758,69.45,soil,Wetting
-1.737,69.45,soil,Wetting
-1.717,69.45,soil,Wetting
-1.697,69.45,soil,Wetting
-1.677,69.45,soil,Wetting
-1.657,69.45,soil,Wetting
-1.637,69.45,soil,Wetting
-1.617,69.45,soil,Wetting
-1.597,69.45,soil,Wetting
-1.577,69.45,soil,Wetting
-1.557,69.45,soil,Wetting
-1.537,69.45,soil,Wetting
-1.517,69.45,soil,Wetting
-1.497,69.45,soil,Wetting
-1.477,69.45,soil,Wetting
-1.457,69.45,soil,Wetting
-1.437,69.45,soil,Wetting
-1.417,69.45,soil,Wetting
-1.397,69.45,soil,Wetting
-1.377,69.45,soil,Wetting
-1.357,69.45,soil,Wetting
-1.337,69.45,soil,Wetting
-1.317,69.45,soil,Wetting
-1.297,69.45,soil,Wetting
-1.277,69.45,soil,Wetting
-1.257,69.45,soil,Wetting
-1.236,69.45,soil,Wetting
-1.216,69.45,soil,Wetting
-1.196,69.45,soil,Wetting
-1.176,69.45,soil,Wetting
-1.156,69.45,soil,Wetting
-1.136,69.45,soil,Wetting
-1.116,69.45,soil,Wetting
-1.096,69.45,soil,Wetting
-1.076,69.45,soil,Wetting
-1.056,69.45,soil,Wetting
-1.036,69.45,soil,Wetting
-1.016,69.45,soil,Wetting
-0.996,69.45,soil,Wetting
-0.976,69.45,soil,Wetting
-0.956,69.45,soil,Wetting
-0.936,69.45,soil,Wetting
-0.916,69.45,soil,Wetting
-0.896,69.45,soil,Wetting
-0.876,69.45,soil,Wetting
-0.856,69.45,soil,Wetting
-0.836,69.45,soil,Wetting
-0.816,69.45,soil,Wetting
-0.796,69.45,soil,Wetting
-0.776,69.45,soil,Wetting
-0.756,69.45,soil,Wetting
-0.735,69.45,soil,Wetting
-0.715,69.45,soil,Wetting
-0.695,69.45,soil,Wetting
-0.675,69.45,soil,Wetting
-0.655,69.45,soil,Wetting
-0.635,69.45,soil,Wetting
-0.615,69.45,soil,Wetting
-0.595,69.45,soil,Wetting
-0.575,69.45,soil,Wetting
-0.555,69.45,soil,Wetting
-0.535,69.45,soil,Wetting
-0.515,69.45,soil,Wetting
-0.495,69.45,soil,Wetting
-0.475,69.45,soil,Wetting
-0.455,69.45,soil,Wetting
-0.435,69.45,soil,Wetting
-0.415,69.45,soil,Wetting
-0.395,69.45,soil,Wetting
-0.375,69.45,soil,Wetting
-0.355,69.45,soil,Wetting
-0.335,69.45,soil,Wetting
-0.315,69.45,soil,Wetting
-0.295,69.45,soil,Wetting
-0.275,69.45,soil,Wetting
-0.255,69.45,soil,Wetting
-0.234,69.45,soil,Wetting
-0.214,69.45,soil,Wetting
-0.194,69.45,soil,Wetting
-0.174,69.45,soil,Wetting
-0.154,69.45,soil,Wetting
-0.134,69.45,soil,Wetting
-0.114,69.45,soil,Wetting
-0.094,69.45,soil,Wetting
-0.074,69.45,soil,Wetting
-0.054,69.45,soil,Wetting
-0.034,69.45,soil,Wetting
-0.014,69.45,soil,Wetting
0.006,69.45,soil,Wetting
0.026,69.45,soil,Wetting
0.046,69.45,soil,Wetting
0.066,69.45,soil,Wetting
0.086,69.45,soil,Wetting
0.106,69.45,soil,Wetting
0.126,69.45,soil,Wetting
0.146,69.45,soil,Wetting
0.166,69.45,soil,Wetting
0.186,69.45,soil,Wetting
0.206,69.45,soil,Wetting
0.226,69.45,soil,Wetting
0.246,69.45,soil,Wetting
0.267,69.45,soil,Wetting
0.287,69.45,soil,Wetting
0.307,69.45,soil,Wetting
0.327,69.45,soil,Wetting
0.347,69.45,soil,Wetting
0.367,69.45,soil,Wetting
0.387,69.45,soil,Wetting
0.407,69.45,soil,Wetting
0.427,69.45,soil,Wetting
0.447,69.45,soil,Wetting
0.467,69.45,soil,Wetting
0.487,69.45,soil,Wetting
0.507,69.45,soil,Wetting
0.527,69.45,soil,Wetting
0.547,69.45,soil,Wetting
0.567,69.45,soil,Wetting
0.587,69.45,soil,Wetting
0.607,69.45,soil,Wetting
0.627,69.45,soil,Wetting
0.647,69.45,soil,Wetting
0.667,69.45,soil,Wetting
0.687,69.45,soil,Wetting
0.707,69.45,soil,Wetting
0.727,69.45,soil,Wetting
0.747,69.45,soil,Wetting
0.768,69.45,soil,Wetting
0.788,69.45,soil,Wetting
0.808,69.45,soil,Wetting
0.828,69.45,soil,Wetting
0.848,69.45,soil,Wetting
0.868,69.45,soil,Wetting
0.888,69.45,soil,Wetting
0.908,69.45,soil,Wetting
0.928,69.45,soil,Wetting
0.948,69.45,soil,Wetting
0.968,69.45,soil,Wetting
0.988,69.45,soil,Wetting
1.008,69.45,soil,Wetting
1.028,69.45,soil,Wetting
1.048,69.45,soil,Wetting
1.068,69.45,soil,Wetting
1.088,69.45,soil,Wetting
1.108,69.45,soil,Wetting
1.128,69.45,soil,Wetting
1.148,69.45,soil,Wetting
1.168,69.45,soil,Wetting
1.188,69.45,soil,Wetting
1.208,69.45,soil,Wetting
1.228,69.45,soil,Wetting
1.248,69.45,soil,Wetting
1.269,69.45,soil,Wetting
1.289,69.45,soil,Wetting
1.309,69.45,soil,Wetting
1.329,69.45,soil,Wetting
1.349,69.45,soil,Wetting
1.369,69.45,soil,Wetting
1.389,69.45,soil,Wetting
1.409,69.45,soil,Wetting
1.429,69.45,soil,Wetting
1.449,69.45,soil,Wetting
1.469,69.45,soil,Wetting
1.489,69.45,soil,Wetting
1.509,69.45,soil,Wetting
1.529,69.45,soil,Wetting
1.549,69.45,soil,Wetting
1.569,69.45,soil,Wetting
1.589,69.45,soil,Wetting
1.609,69.45,soil,Wetting
1.629,69.45,soil,Wetting
1.649,69.45,soil,Wetting
1.669,69.45,soil,Wetting
1.689,69.45,soil,Wetting
1.709,69.45,soil,Wetting
1.729,69.45,soil,Wetting
1.749,69.45,soil,Wetting
1.77,69.45,soil,Wetting
1.79,69.45,soil,Wetting
1.81,69.45,soil,Wetting
1.83,69.45,soil,Wetting
1.85,69.45,soil,Wetting
1.87,69.45,soil,Wetting
1.89,69.45,soil,Wetting
1.91,69.45,soil,Wetting
1.93,69.45,soil,Wetting
1.95,69.45,soil,Wetting
1.97,69.45,soil,Wetting
1.99,69.45,soil,Wetting
2.01,69.45,soil,Wetting
2.03,69.45,soil,Wetting
2.05,69.45,soil,Wetting
2.07,69.45,soil,Wetting
2.09,69.45,soil,Wetting
2.11,69.45,soil,Wetting
2.13,69.45,soil,Wetting
2.15,69.45,soil,Wetting
2.17,69.45,soil,Wetting
2.19,69.45,soil,Wetting
2.21,69.45,soil,Wetting
2.23,69.45,soil,Wetting
2.251,69.45,soil,Wetting
2.271,69.45,soil,Wetting
2.291,69.45,soil,Wetting
2.311,69.45,soil,Wetting
2.331,69.45,soil,Wetting
2.351,69.44,soil,Wetting
2.371,69.44,soil,Wetting
2.391,69.44,soil,Wetting
2.411,69.43,soil,Wetting
2.431,69.42,soil,Wetting
2.451,69.41,soil,Wetting
2.471,69.38,soil,Wetting
2.491,69.33,soil,Wetting
2.511,69.25,soil,Wetting
2.531,69.13,soil,Wetting
2.551,68.92,soil,Wetting
2.571,68.57,soil,Wetting
2.591,68.01,soil,Wetting
2.611,67.11,soil,Wetting
2.631,65.7,soil,Wetting
2.651,63.57,soil,Wetting
2.671,60.49,soil,Wetting
2.691,56.37,soil,Wetting
2.711,51.35,soil,Wetting
2.731,45.89,soil,Wetting
2.752,40.63,soil,Wetting
2.772,36.1,soil,Wetting
2.792,32.55,soil,Wetting
2.812,29.97,soil,Wetting
2.832,28.18,soil,Wetting
2.852,26.99,soil,Wetting
2.872,26.21,soil,Wetting
2.892,25.71,soil,Wetting
2.912,25.39,soil,Wetting
2.932,25.18,soil,Wetting
2.952,25.05,soil,Wetting
2.972,24.97,soil,Wetting
2.992,24.92,soil,Wetting
3.012,24.89,soil,Wetting
3.032,24.87,soil,Wetting
3.052,24.85,soil,Wetting
3.072,24.85,soil,Wetting
3.092,24.84,soil,Wetting
3.112,24.84,soil,Wetting
3.132,24.84,soil,Wetting
3.152,24.83,soil,Wetting
3.172,24.83,soil,Wetting
3.192,24.83,soil,Wetting
3.212,24.83,soil,Wetting
3.232,24.83,soil,Wetting
3.253,24.83,soil,Wetting
3.273,24.83,soil,Wetting
3.293,24.83,soil,Wetting
3.313,24.83,soil,Wetting
3.333,24.83,soil,Wetting
3.353,24.83,soil,Wetting
3.373,24.83,soil,Wetting
3.393,24.83,soil,Wetting
3.413,24.83,soil,Wetting
3.433,24.83,soil,Wetting
3.453,24.83,soil,Wetting
3.473,24.83,soil,Wetting
3.493,24.83,soil,Wetting
3.513,24.83,soil,Wetting
3.533,24.83,soil,Wetting
3.553,24.83,soil,Wetting
3.573,24.83,soil,Wetting
3.593,24.83,soil,Wetting
3.613,24.83,soil,Wetting
3.633,24.83,soil,Wetting
3.653,24.83,soil,Wetting
3.673,24.83,soil,Wetting
3.693,24.83,soil,Wetting
3.713,24.83,soil,Wetting
3.733,24.83,soil,Wetting
3.754,24.83,soil,Wetting
3.774,24.83,soil,Wetting
3.794,24.83,soil,Wetting
3.814,24.83,soil,Wetting
3.834,24.83,soil,Wetting
3.854,24.83,soil,Wetting
3.874,24.83,soil,Wetting
3.894,24.83,soil,Wetting
3.914,24.83,soil,Wetting
3.934,24.83,soil,Wetting
3.954,24.83,soil,Wetting
3.974,24.83,soil,Wetting
3.994,24.83,soil,Wetting
4.014,24.83,soil,Wetting
4.034,24.83,soil,Wetting
4.054,24.83,soil,Wetting
4.074,24.83,soil,Wetting
4.094,24.83,soil,Wetting
4.114,24.83,soil,Wetting
4.134,24.83,soil,Wetting
4.154,24.83,soil,Wetting
4.174,24.83,soil,Wetting
4.194,24.83,soil,Wetting
4.214,24.83,soil,Wetting
4.234,24.83,soil,Wetting
4.255,24.83,soil,Wetting
4.275,24.83,soil,Wetting
4.295,24.83,soil,Wetting
4.315,24.83,soil,Wetting
4.335,24.83,soil,Wetting
4.355,24.83,soil,Wetting
4.375,24.83,soil,Wetting
4.395,24.83,soil,Wetting
4.415,24.83,soil,Wetting
4.435,24.83,soil,Wetting
4.455,24.83,soil,Wetting
4.475,24.83,soil,Wetting
4.495,24.83,soil,Wetting
4.515,24.83,soil,Wetting
4.535,24.83,soil,Wetting
4.555,24.83,soil,Wetting
4.575,24.83,soil,Wetting
4.595,24.83,soil,Wetting
4.615,24.83,soil,Wetting
4.635,24.83,soil,Wetting
4.655,24.83,soil,Wetting
4.675,24.83,soil,Wetting
4.695,24.83,soil,Wetting
4.715,24.83,soil,Wetting
4.735,24.83,soil,Wetting
4.756,24.83,soil,Wetting
4.776,24.83,soil,Wetting
4.796,24.83,soil,Wetting
4.816,24.83,soil,Wetting
4.836,24.83,soil,Wetting
4.856,24.83,soil,Wetting
4.876,24.83,soil,Wetting
4.896,24.83,soil,Wetting
4.916,24.83,soil,Wetting
4.936,24.83,soil,Wetting
4.956,24.83,soil,Wetting
4.976,24.83,soil,Wetting
4.996,24.83,soil,Wetting
5.016,24.83,soil,Wetting
5.036,24.83,soil,Wetting
5.056,24.83,soil,Wetting
5.076,24.83,soil,Wetting
5.096,24.83,soil,Wetting
5.116,24.83,soil,Wetting
5.136,24.83,soil,Wetting
5.156,24.83,soil,Wetting
5.176,24.83,soil,Wetting
5.196,24.83,soil,Wetting
5.216,24.83,soil,Wetting
5.236,24.83,soil,Wetting
5.257,24.83,soil,Wetting
5.277,24.83,soil,Wetting
5.297,24.83,soil,Wetting
5.317,24.83,soil,Wetting
5.337,24.83,soil,Wetting
5.357,24.83,soil,Wetting
5.377,24.83,soil,Wetting
5.397,24.83,soil,Wetting
5.417,24.83,soil,Wetting
5.437,24.83,soil,Wetting
5.457,24.83,soil,Wetting
5.477,24.83,soil,Wetting
5.497,24.83,soil,Wetting
5.517,24.83,soil,Wetting
5.537,24.83,soil,Wetting
5.557,24.83,soil,Wetting
5.577,24.83,soil,Wetting
5.597,24.83,soil,Wetting
5.617,24.83,soil,Wetting
5.637,24.83,soil,Wetting
5.657,24.83,soil,Wetting
5.677,24.83,soil,Wetting
5.697,24.83,soil,Wetting
5.717,24.83,soil,Wetting
5.737,24.83,soil,Wetting
5.758,24.83,soil,Wetting
5.778,24.83,soil,Wetting
5.798,24.83,soil,Wetting
5.818,24.83,soil,Wetting
5.838,24.83,soil,Wetting
5.858,24.83,soil,Wetting
5.878,24.83,soil,Wetting
5.898,24.83,soil,Wetting
5.918,24.83,soil,Wetting
5.938,24.83,soil,Wetting
5.958,24.83,soil,Wetting
5.978,24.83,soil,Wetting
5.998,24.83,soil,Wetting
6.018,24.83,soil,Wetting
6.038,24.83,soil,Wetting
6.058,24.83,soil,Wetting
6.078,24.83,soil,Wetting
6.098,24.83,soil,Wetting
6.118,24.83,soil,Wetting
6.138,24.83,soil,Wetting
6.158,24.83,soil,Wetting
6.178,24.83,soil,Wetting
6.198,24.83,soil,Wetting
6.218,24.83,soil,Wetting
6.238,24.83,soil,Wetting
6.259,24.83,soil,Wetting
6.279,24.83,soil,Wetting
6.299,24.83,soil,Wetting
6.319,24.83,soil,Wetting
6.339,24.83,soil,Wetting
6.359,24.83,soil,Wetting
6.379,24.83,soil,Wetting
6.399,24.83,soil,Wetting
6.419,24.83,soil,Wetting
6.439,24.83,soil,Wetting
6.459,24.83,soil,Wetting
6.479,24.83,soil,Wetting
6.499,24.83,soil,Wetting
6.519,24.83,soil,Wetting
6.539,24.83,soil,Wetting
6.559,24.83,soil,Wetting
6.579,24.83,soil,Wetting
6.599,24.83,soil,Wetting
6.619,24.83,soil,Wetting
6.639,24.83,soil,Wetting
6.659,24.83,soil,Wetting
6.679,24.83,soil,Wetting
6.699,24.83,soil,Wetting
6.719,24.83,soil,Wetting
6.739,24.83,soil,Wetting
6.76,24.83,soil,Wetting
6.78,24.83,soil,Wetting
6.8,24.83,soil,Wetting
6.82,24.83,soil,Wetting
6.84,24.83,soil,Wetting
6.86,24.83,soil,Wetting
6.88,24.83,soil,Wetting
6.9,24.83,soil,Wetting
6.92,24.83,soil,Wetting
6.94,24.83,soil,Wetting
6.96,24.83,soil,Wetting
6.98,24.83,soil,Wetting
7,24.83,soil,Wetting
-3,71.29,soil,Drying
-2.98,71.29,soil,Drying
-2.96,71.29,soil,Drying
-2.94,71.29,soil,Drying
-2.92,71.29,soil,Drying
-2.9,71.29,soil,Drying
-2.88,71.29,soil,Drying
-2.86,71.29,soil,Drying
-2.84,71.29,soil,Drying
-2.82,71.29,soil,Drying
-2.8,71.29,soil,Drying
-2.78,71.29,soil,Drying
-2.76,71.29,soil,Drying
-2.739,71.29,soil,Drying
-2.719,71.29,soil,Drying
-2.699,71.29,soil,Drying
-2.679,71.29,soil,Drying
-2.659,71.29,soil,Drying
-2.639,71.29,soil,Drying
-2.619,71.29,soil,Drying
-2.599,71.29,soil,Drying
-2.579,71.29,soil,Drying
-2.559,71.29,soil,Drying
-2.539,71.29,soil,Drying
-2.519,71.29,soil,Drying
-2.499,71.29,soil,Drying
-2.479,71.29,soil,Drying
-2.459,71.29,soil,Drying
-2.439,71.29,soil,Drying
-2.419,71.29,soil,Drying
-2.399,71.29,soil,Drying
-2.379,71.29,soil,Drying
-2.359,71.29,soil,Drying
-2.339,71.29,soil,Drying
-2.319,71.29,soil,Drying
-2.299,71.29,soil,Drying
-2.279,71.29,soil,Drying
-2.259,71.29,soil,Drying
-2.238,71.29,soil,Drying
-2.218,71.29,soil,Drying
-2.198,71.29,soil,Drying
-2.178,71.29,soil,Drying
-2.158,71.29,soil,Drying
-2.138,71.29,soil,Drying
-2.118,71.29,soil,Drying
-2.098,71.29,soil,Drying
-2.078,71.29,soil,Drying
-2.058,71.29,soil,Drying
-2.038,71.29,soil,Drying
-2.018,71.29,soil,Drying
-1.998,71.29,soil,Drying
-1.978,71.29,soil,Drying
-1.958,71.29,soil,Drying
-1.938,71.29,soil,Drying
-1.918,71.29,soil,Drying
-1.898,71.29,soil,Drying
-1.878,71.29,soil,Drying
-1.858,71.29,soil,Drying
-1.838,71.29,soil,Drying
-1.818,71.29,soil,Drying
-1.798,71.29,soil,Drying
-1.778,71.29,soil,Drying
-1.758,71.29,soil,Drying
-1.737,71.29,soil,Drying
-1.717,71.29,soil,Drying
-1.697,71.29,soil,Drying
-1.677,71.29,soil,Drying
-1.657,71.29,soil,Drying
-1.637,71.29,soil,Drying
-1.617,71.29,soil,Drying
-1.597,71.29,soil,Drying
-1.577,71.29,soil,Drying
-1.557,71.29,soil,Drying
-1.537,71.29,soil,Drying
-1.517,71.29,soil,Drying
-1.497,71.29,soil,Drying
-1.477,71.29,soil,Drying
-1.457,71.29,soil,Drying
-1.437,71.29,soil,Drying
-1.417,71.29,soil,Drying
-1.397,71.29,soil,Drying
-1.377,71.29,soil,Drying
-1.357,71.29,soil,Drying
-1.337,71.29,soil,Drying
-1.317,71.29,soil,Drying
-1.297,71.29,soil,Drying
-1.277,71.29,soil,Drying
-1.257,71.29,soil,Drying
-1.236,71.29,soil,Drying
-1.216,71.29,soil,Drying
-1.196,71.29,soil,Drying
-1.176,71.29,soil,Drying
-1.156,71.29,soil,Drying
-1.136,71.29,soil,Drying
-1.116,71.29,soil,Drying
-1.096,71.29,soil,Drying
-1.076,71.29,soil,Drying
-1.056,71.29,soil,Drying
-1.036,71.29,soil,Drying
-1.016,71.29,soil,Drying
-0.996,71.29,soil,Drying
-0.976,71.29,soil,Drying
-0.956,71.29,soil,Drying
-0.936,71.29,soil,Drying
-0.916,71.29,soil,Drying
-0.896,71.29,soil,Drying
-0.876,71.29,soil,Drying
-0.856,71.29,soil,Drying
-0.836,71.29,soil,Drying
-0.816,71.29,soil,Drying
-0.796,71.29,soil,Drying
-0.776,71.29,soil,Drying
-0.756,71.29,soil,Drying
-0.735,71.29,soil,Drying
-0.715,71.29,soil,Drying
-0.695,71.29,soil,Drying
-0.675,71.29,soil,Drying
-0.655,71.29,soil,Drying
-0.635,71.29,soil,Drying
-0.615,71.29,soil,Drying
-0.595,71.29,soil,Drying
-0.575,71.29,soil,Drying
-0.555,71.29,soil,Drying
-0.535,71.29,soil,Drying
-0.515,71.29,soil,Drying
-0.495,71.29,soil,Drying
-0.475,71.29,soil,Drying
-0.455,71.29,soil,Drying
-0.435,71.29,soil,Drying
-0.415,71.29,soil,Drying
-0.395,71.29,soil,Drying
-0.375,71.29,soil,Drying
-0.355,71.29,soil,Drying
-0.335,71.29,soil,Drying
-0.315,71.29,soil,Drying
-0.295,71.29,soil,Drying
-0.275,71.29,soil,Drying
-0.255,71.29,soil,Drying
-0.234,71.29,soil,Drying
-0.214,71.29,soil,Drying
-0.194,71.29,soil,Drying
-0.174,71.29,soil,Drying
-0.154,71.29,soil,Drying
-0.134,71.29,soil,Drying
-0.114,71.29,soil,Drying
-0.094,71.29,soil,Drying
-0.074,71.29,soil,Drying
-0.054,71.29,soil,Drying
-0.034,71.29,soil,Drying
-0.014,71.29,soil,Drying
0.006,71.29,soil,Drying
0.026,71.29,soil,Drying
0.046,71.29,soil,Drying
0.066,71.29,soil,Drying
0.086,71.29,soil,Drying
0.106,71.29,soil,Drying
0.126,71.29,soil,Drying
0.146,71.29,soil,Drying
0.166,71.29,soil,Drying
0.186,71.29,soil,Drying
0.206,71.29,soil,Drying
0.226,71.29,soil,Drying
0.246,71.29,soil,Drying
0.267,71.29,soil,Drying
0.287,71.29,soil,Drying
0.307,71.29,soil,Drying
0.327,71.29,soil,Drying
0.347,71.29,soil,Drying
0.367,71.29,soil,Drying
0.387,71.29,soil,Drying
0.407,71.29,soil,Drying
0.427,71.29,soil,Drying
0.447,71.29,soil,Drying
0.467,71.29,soil,Drying
0.487,71.29,soil,Drying
0.507,71.29,soil,Drying
0.527,71.29,soil,Drying
0.547,71.29,soil,Drying
0.567,71.29,soil,Drying
0.587,71.29,soil,Drying
0.607,71.28,soil,Drying
0.627,71.28,soil,Drying
0.647,71.27,soil,Drying
0.667,71.27,soil,Drying
0.687,71.26,soil,Drying
0.707,71.25,soil,Drying
0.727,71.23,soil,Drying
0.747,71.21,soil,Drying
0.768,71.18,soil,Drying
0.788,71.14,soil,Drying
0.808,71.1,soil,Drying
0.828,71.03,soil,Drying
0.848,70.95,soil,Drying
0.868,70.85,soil,Drying
0.888,70.71,soil,Drying
0.908,70.53,soil,Drying
0.928,70.31,soil,Drying
0.948,70.03,soil,Drying
0.968,69.68,soil,Drying
0.988,69.25,soil,Drying
1.008,68.74,soil,Drying
1.028,68.13,soil,Drying
1.048,67.43,soil,Drying
1.068,66.64,soil,Drying
1.088,65.77,soil,Drying
1.108,64.83,soil,Drying
1.128,63.82,soil,Drying
1.148,62.78,soil,Drying
1.168,61.7,soil,Drying
1.188,60.61,soil,Drying
1.208,59.51,soil,Drying
1.228,58.42,soil,Drying
1.248,57.34,soil,Drying
1.269,56.27,soil,Drying
1.289,55.23,soil,Drying
1.309,54.21,soil,Drying
1.329,53.22,soil,Drying
1.349,52.26,soil,Drying
1.369,51.32,soil,Drying
1.389,50.41,soil,Drying
1.409,49.53,soil,Drying
1.429,48.68,soil,Drying
1.449,47.85,soil,Drying
1.469,47.06,soil,Drying
1.489,46.28,soil,Drying
1.509,45.54,soil,Drying
1.529,44.81,soil,Drying
1.549,44.11,soil,Drying
1.569,43.44,soil,Drying
1.589,42.78,soil,Drying
1.609,42.15,soil,Drying
1.629,41.54,soil,Drying
1.649,40.95,soil,Drying
1.669,40.38,soil,Drying
1.689,39.83,soil,Drying
1.709,39.3,soil,Drying
1.729,38.78,soil,Drying
1.749,38.28,soil,Drying
1.77,37.8,soil,Drying
1.79,37.33,soil,Drying
1.81,36.88,soil,Drying
1.83,36.45,soil,Drying
1.85,36.03,soil,Drying
1.87,35.62,soil,Drying
1.89,35.23,soil,Drying
1.91,34.85,soil,Drying
1.93,34.48,soil,Drying
1.95,34.13,soil,Drying
1.97,33.78,soil,Drying
1.99,33.45,soil,Drying
2.01,33.13,soil,Drying
2.03,32.82,soil,Drying
2.05,32.52,soil,Drying
2.07,32.23,soil,Drying
2.09,31.95,soil,Drying
2.11,31.68,soil,Drying
2.13,31.42,soil,Drying
2.15,31.17,soil,Drying
2.17,30.92,soil,Drying
2.19,30.69,soil,Drying
2.21,30.46,soil,Drying
2.23,30.24,soil,Drying
2.251,30.02,soil,Drying
2.271,29.82,soil,Drying
2.291,29.62,soil,Drying
2.311,29.43,soil,Drying
2.331,29.24,soil,Drying
2.351,29.06,soil,Drying
2.371,28.89,soil,Drying
2.391,28.72,soil,Drying
2.411,28.55,soil,Drying
2.431,28.4,soil,Drying
2.451,28.25,soil,Drying
2.471,28.1,soil,Drying
2.491,27.96,soil,Drying
2.511,27.82,soil,Drying
2.531,27.69,soil,Drying
2.551,27.56,soil,Drying
2.571,27.43,soil,Drying
2.591,27.32,soil,Drying
2.611,27.2,soil,Drying
2.631,27.09,soil,Drying
2.651,26.98,soil,Drying
2.671,26.87,soil,Drying
2.691,26.77,soil,Drying
2.711,26.68,soil,Drying
2.731,26.58,soil,Drying
2.752,26.49,soil,Drying
2.772,26.4,soil,Drying
2.792,26.32,soil,Drying
2.812,26.23,soil,Drying
2.832,26.15,soil,Drying
2.852,26.08,soil,Drying
2.872,26,soil,Drying
2.892,25.93,soil,Drying
2.912,25.86,soil,Drying
2.932,25.79,soil,Drying
2.952,25.73,soil,Drying
2.972,25.67,soil,Drying
2.992,25.6,soil,Drying
3.012,25.55,soil,Drying
3.032,25.49,soil,Drying
3.052,25.43,soil,Drying
3.072,25.38,soil,Drying
3.092,25.33,soil,Drying
3.112,25.28,soil,Drying
3.132,25.23,soil,Drying
3.152,25.19,soil,Drying
3.172,25.14,soil,Drying
3.192,25.1,soil,Drying
3.212,25.06,soil,Drying
3.232,25.02,soil,Drying
3.253,24.98,soil,Drying
3.273,24.94,soil,Drying
3.293,24.9,soil,Drying
3.313,24.87,soil,Drying
3.333,24.83,soil,Drying
3.353,24.8,soil,Drying
3.373,24.77,soil,Drying
3.393,24.74,soil,Drying
3.413,24.71,soil,Drying
3.433,24.68,soil,Drying
3.453,24.65,soil,Drying
3.473,24.62,soil,Drying
3.493,24.6,soil,Drying
3.513,24.57,soil,Drying
3.533,24.55,soil,Drying
3.553,24.52,soil,Drying
3.573,24.5,soil,Drying
3.593,24.48,soil,Drying
3.613,24.46,soil,Drying
3.633,24.44,soil,Drying
3.653,24.42,soil,Drying
3.673,24.4,soil,Drying
3.693,24.38,soil,Drying
3.713,24.36,soil,Drying
3.733,24.35,soil,Drying
3.754,24.33,soil,Drying
3.774,24.31,soil,Drying
3.794,24.3,soil,Drying
3.814,24.28,soil,Drying
3.834,24.27,soil,Drying
3.854,24.25,soil,Drying
3.874,24.24,soil,Drying
3.894,24.23,soil,Drying
3.914,24.21,soil,Drying
3.934,24.2,soil,Drying
3.954,24.19,soil,Drying
3.974,24.18,soil,Drying
3.994,24.17,soil,Drying
4.014,24.16,soil,Drying
4.034,24.15,soil,Drying
4.054,24.14,soil,Drying
4.074,24.13,soil,Drying
4.094,24.12,soil,Drying
4.114,24.11,soil,Drying
4.134,24.1,soil,Drying
4.154,24.09,soil,Drying
4.174,24.08,soil,Drying
4.194,24.07,soil,Drying
4.214,24.07,soil,Drying
4.234,24.06,soil,Drying
4.255,24.05,soil,Drying
4.275,24.04,soil,Drying
4.295,24.04,soil,Drying
4.315,24.03,soil,Drying
4.335,24.03,soil,Drying
4.355,24.02,soil,Drying
4.375,24.01,soil,Drying
4.395,24.01,soil,Drying
4.415,24,soil,Drying
4.435,24,soil,Drying
4.455,23.99,soil,Drying
4.475,23.99,soil,Drying
4.495,23.98,soil,Drying
4.515,23.98,soil,Drying
4.535,23.97,soil,Drying
4.555,23.97,soil,Drying
4.575,23.96,soil,Drying
4.595,23.96,soil,Drying
4.615,23.96,soil,Drying
4.635,23.95,soil,Drying
4.655,23.95,soil,Drying
4.675,23.95,soil,Drying
4.695,23.94,soil,Drying
4.715,23.94,soil,Drying
4.735,23.94,soil,Drying
4.756,23.93,soil,Drying
4.776,23.93,soil,Drying
4.796,23.93,soil,Drying
4.816,23.92,soil,Drying
4.836,23.92,soil,Drying
4.856,23.92,soil,Drying
4.876,23.92,soil,Drying
4.896,23.91,soil,Drying
4.916,23.91,soil,Drying
4.936,23.91,soil,Drying
4.956,23.91,soil,Drying
4.976,23.91,soil,Drying
4.996,23.9,soil,Drying
5.016,23.9,soil,Drying
5.036,23.9,soil,Drying
5.056,23.9,soil,Drying
5.076,23.9,soil,Drying
5.096,23.89,soil,Drying
5.116,23.89,soil,Drying
5.136,23.89,soil,Drying
5.156,23.89,soil,Drying
5.176,23.89,soil,Drying
5.196,23.89,soil,Drying
5.216,23.89,soil,Drying
5.236,23.88,soil,Drying
5.257,23.88,soil,Drying
5.277,23.88,soil,Drying
5.297,23.88,soil,Drying
5.317,23.88,soil,Drying
5.337,23.88,soil,Drying
5.357,23.88,soil,Drying
5.377,23.88,soil,Drying
5.397,23.87,soil,Drying
5.417,23.87,soil,Drying
5.437,23.87,soil,Drying
5.457,23.87,soil,Drying
5.477,23.87,soil,Drying
5.497,23.87,soil,Drying
5.517,23.87,soil,Drying
5.537,23.87,soil,Drying
5.557,23.87,soil,Drying
5.577,23.87,soil,Drying
5.597,23.87,soil,Drying
5.617,23.87,soil,Drying
5.637,23.86,soil,Drying
5.657,23.86,soil,Drying
5.677,23.86,soil,Drying
5.697,23.86,soil,Drying
5.717,23.86,soil,Drying
5.737,23.86,soil,Drying
5.758,23.86,soil,Drying
5.778,23.86,soil,Drying
5.798,23.86,soil,Drying
5.818,23.86,soil,Drying
5.838,23.86,soil,Drying
5.858,23.86,soil,Drying
5.878,23.86,soil,Drying
5.898,23.86,soil,Drying
5.918,23.86,soil,Drying
5.938,23.86,soil,Drying
5.958,23.86,soil,Drying
5.978,23.86,soil,Drying
5.998,23.86,soil,Drying
6.018,23.85,soil,Drying
6.038,23.85,soil,Drying
6.058,23.85,soil,Drying
6.078,23.85,soil,Drying
6.098,23.85,soil,Drying
6.118,23.85,soil,Drying
6.138,23.85,soil,Drying
6.158,23.85,soil,Drying
6.178,23.85,soil,Drying
6.198,23.85,soil,Drying
6.218,23.85,soil,Drying
6.238,23.85,soil,Drying
6.259,23.85,soil,Drying
6.279,23.85,soil,Drying
6.299,23.85,soil,Drying
6.319,23.85,soil,Drying
6.339,23.85,soil,Drying
6.359,23.85,soil,Drying
6.379,23.85,soil,Drying
6.399,23.85,soil,Drying
6.419,23.85,soil,Drying
6.439,23.85,soil,Drying
6.459,23.85,soil,Drying
6.479,23.85,soil,Drying
6.499,23.85,soil,Drying
6.519,23.85,soil,Drying
6.539,23.85,soil,Drying
6.559,23.85,soil,Drying
6.579,23.85,soil,Drying
6.599,23.85,soil,Drying
6.619,23.85,soil,Drying
6.639,23.85,soil,Drying
6.659,23.85,soil,Drying
6.679,23.85,soil,Drying
6.699,23.85,soil,Drying
6.719,23.85,soil,Drying
6.739,23.85,soil,Drying
6.76,23.85,soil,Drying
6.78,23.85,soil,Drying
6.8,23.85,soil,Drying
6.82,23.85,soil,Drying
6.84,23.85,soil,Drying
6.86,23.85,soil,Drying
6.88,23.85,soil,Drying
6.9,23.85,soil,Drying
6.92,23.85,soil,Drying
6.94,23.85,soil,Drying
6.96,23.85,soil,Drying
6.98,23.85,soil,Drying
7,23.85,soil,Drying
-3,68.87,soil_sand,Drying
-2.98,68.87,soil_sand,Drying
-2.96,68.87,soil_sand,Drying
-2.94,68.87,soil_sand,Drying
-2.92,68.87,soil_sand,Drying
-2.9,68.87,soil_sand,Drying
-2.88,68.87,soil_sand,Drying
-2.86,68.87,soil_sand,Drying
-2.84,68.87,soil_sand,Drying
-2.82,68.87,soil_sand,Drying
-2.8,68.87,soil_sand,Drying
-2.78,68.87,soil_sand,Drying
-2.76,68.87,soil_sand,Drying
-2.739,68.87,soil_sand,Drying
-2.719,68.87,soil_sand,Drying
-2.699,68.87,soil_sand,Drying
-2.679,68.87,soil_sand,Drying
-2.659,68.87,soil_sand,Drying
-2.639,68.87,soil_sand,Drying
-2.619,68.87,soil_sand,Drying
-2.599,68.87,soil_sand,Drying
-2.579,68.87,soil_sand,Drying
-2.559,68.87,soil_sand,Drying
-2.539,68.87,soil_sand,Drying
-2.519,68.87,soil_sand,Drying
-2.499,68.87,soil_sand,Drying
-2.479,68.87,soil_sand,Drying
-2.459,68.87,soil_sand,Drying
-2.439,68.87,soil_sand,Drying
-2.419,68.87,soil_sand,Drying
-2.399,68.87,soil_sand,Drying
-2.379,68.87,soil_sand,Drying
-2.359,68.87,soil_sand,Drying
-2.339,68.87,soil_sand,Drying
-2.319,68.87,soil_sand,Drying
-2.299,68.87,soil_sand,Drying
-2.279,68.87,soil_sand,Drying
-2.259,68.87,soil_sand,Drying
-2.238,68.87,soil_sand,Drying
-2.218,68.87,soil_sand,Drying
-2.198,68.87,soil_sand,Drying
-2.178,68.87,soil_sand,Drying
-2.158,68.87,soil_sand,Drying
-2.138,68.87,soil_sand,Drying
-2.118,68.87,soil_sand,Drying
-2.098,68.87,soil_sand,Drying
-2.078,68.87,soil_sand,Drying
-2.058,68.87,soil_sand,Drying
-2.038,68.87,soil_sand,Drying
-2.018,68.87,soil_sand,Drying
-1.998,68.87,soil_sand,Drying
-1.978,68.87,soil_sand,Drying
-1.958,68.87,soil_sand,Drying
-1.938,68.87,soil_sand,Drying
-1.918,68.87,soil_sand,Drying
-1.898,68.87,soil_sand,Drying
-1.878,68.87,soil_sand,Drying
-1.858,68.87,soil_sand,Drying
-1.838,68.87,soil_sand,Drying
-1.818,68.87,soil_sand,Drying
-1.798,68.87,soil_sand,Drying
-1.778,68.87,soil_sand,Drying
-1.758,68.87,soil_sand,Drying
-1.737,68.87,soil_sand,Drying
-1.717,68.87,soil_sand,Drying
-1.697,68.87,soil_sand,Drying
-1.677,68.87,soil_sand,Drying
-1.657,68.87,soil_sand,Drying
-1.637,68.87,soil_sand,Drying
-1.617,68.87,soil_sand,Drying
-1.597,68.87,soil_sand,Drying
-1.577,68.87,soil_sand,Drying
-1.557,68.87,soil_sand,Drying
-1.537,68.87,soil_sand,Drying
-1.517,68.87,soil_sand,Drying
-1.497,68.87,soil_sand,Drying
-1.477,68.87,soil_sand,Drying
-1.457,68.87,soil_sand,Drying
-1.437,68.87,soil_sand,Drying
-1.417,68.87,soil_sand,Drying
-1.397,68.87,soil_sand,Drying
-1.377,68.87,soil_sand,Drying
-1.357,68.87,soil_sand,Drying
-1.337,68.87,soil_sand,Drying
-1.317,68.87,soil_sand,Drying
-1.297,68.87,soil_sand,Drying
-1.277,68.87,soil_sand,Drying
-1.257,68.87,soil_sand,Drying
-1.236,68.87,soil_sand,Drying
-1.216,68.87,soil_sand,Drying
-1.196,68.87,soil_sand,Drying
-1.176,68.87,soil_sand,Drying
-1.156,68.87,soil_sand,Drying
-1.136,68.87,soil_sand,Drying
-1.116,68.87,soil_sand,Drying
-1.096,68.87,soil_sand,Drying
-1.076,68.87,soil_sand,Drying
-1.056,68.87,soil_sand,Drying
-1.036,68.87,soil_sand,Drying
-1.016,68.87,soil_sand,Drying
-0.996,68.87,soil_sand,Drying
-0.976,68.87,soil_sand,Drying
-0.956,68.87,soil_sand,Drying
-0.936,68.87,soil_sand,Drying
-0.916,68.87,soil_sand,Drying
-0.896,68.87,soil_sand,Drying
-0.876,68.87,soil_sand,Drying
-0.856,68.87,soil_sand,Drying
-0.836,68.87,soil_sand,Drying
-0.816,68.87,soil_sand,Drying
-0.796,68.87,soil_sand,Drying
-0.776,68.87,soil_sand,Drying
-0.756,68.87,soil_sand,Drying
-0.735,68.87,soil_sand,Drying
-0.715,68.87,soil_sand,Drying
-0.695,68.87,soil_sand,Drying
-0.675,68.87,soil_sand,Drying
-0.655,68.87,soil_sand,Drying
-0.635,68.87,soil_sand,Drying
-0.615,68.87,soil_sand,Drying
-0.595,68.87,soil_sand,Drying
-0.575,68.87,soil_sand,Drying
-0.555,68.87,soil_sand,Drying
-0.535,68.87,soil_sand,Drying
-0.515,68.87,soil_sand,Drying
-0.495,68.87,soil_sand,Drying
-0.475,68.87,soil_sand,Drying
-0.455,68.87,soil_sand,Drying
-0.435,68.87,soil_sand,Drying
-0.415,68.87,soil_sand,Drying
-0.395,68.87,soil_sand,Drying
-0.375,68.87,soil_sand,Drying
-0.355,68.87,soil_sand,Drying
-0.335,68.86,soil_sand,Drying
-0.315,68.86,soil_sand,Drying
-0.295,68.86,soil_sand,Drying
-0.275,68.86,soil_sand,Drying
-0.255,68.86,soil_sand,Drying
-0.234,68.86,soil_sand,Drying
-0.214,68.86,soil_sand,Drying
-0.194,68.86,soil_sand,Drying
-0.174,68.86,soil_sand,Drying
-0.154,68.86,soil_sand,Drying
-0.134,68.86,soil_sand,Drying
-0.114,68.85,soil_sand,Drying
-0.094,68.85,soil_sand,Drying
-0.074,68.85,soil_sand,Drying
-0.054,68.85,soil_sand,Drying
-0.034,68.85,soil_sand,Drying
-0.014,68.84,soil_sand,Drying
0.006,68.84,soil_sand,Drying
0.026,68.84,soil_sand,Drying
0.046,68.83,soil_sand,Drying
0.066,68.83,soil_sand,Drying
0.086,68.83,soil_sand,Drying
0.106,68.82,soil_sand,Drying
0.126,68.81,soil_sand,Drying
0.146,68.81,soil_sand,Drying
0.166,68.8,soil_sand,Drying
0.186,68.79,soil_sand,Drying
0.206,68.78,soil_sand,Drying
0.226,68.77,soil_sand,Drying
0.246,68.76,soil_sand,Drying
0.267,68.75,soil_sand,Drying
0.287,68.73,soil_sand,Drying
0.307,68.72,soil_sand,Drying
0.327,68.7,soil_sand,Drying
0.347,68.68,soil_sand,Drying
0.367,68.65,soil_sand,Drying
0.387,68.63,soil_sand,Drying
0.407,68.6,soil_sand,Drying
0.427,68.57,soil_sand,Drying
0.447,68.53,soil_sand,Drying
0.467,68.49,soil_sand,Drying
0.487,68.45,soil_sand,Drying
0.507,68.4,soil_sand,Drying
0.527,68.34,soil_sand,Drying
0.547,68.28,soil_sand,Drying
0.567,68.21,soil_sand,Drying
0.587,68.13,soil_sand,Drying
0.607,68.04,soil_sand,Drying
0.627,67.94,soil_sand,Drying
0.647,67.84,soil_sand,Drying
0.667,67.71,soil_sand,Drying
0.687,67.58,soil_sand,Drying
0.707,67.43,soil_sand,Drying
0.727,67.26,soil_sand,Drying
0.747,67.08,soil_sand,Drying
0.768,66.88,soil_sand,Drying
0.788,66.65,soil_sand,Drying
0.808,66.4,soil_sand,Drying
0.828,66.13,soil_sand,Drying
0.848,65.83,soil_sand,Drying
0.868,65.5,soil_sand,Drying
0.888,65.13,soil_sand,Drying
0.908,64.74,soil_sand,Drying
0.928,64.3,soil_sand,Drying
0.948,63.83,soil_sand,Drying
0.968,63.33,soil_sand,Drying
0.988,62.78,soil_sand,Drying
1.008,62.18,soil_sand,Drying
1.028,61.55,soil_sand,Drying
1.048,60.87,soil_sand,Drying
1.068,60.15,soil_sand,Drying
1.088,59.39,soil_sand,Drying
1.108,58.58,soil_sand,Drying
1.128,57.74,soil_sand,Drying
1.148,56.85,soil_sand,Drying
1.168,55.94,soil_sand,Drying
1.188,54.99,soil_sand,Drying
1.208,54.02,soil_sand,Drying
1.228,53.02,soil_sand,Drying
1.248,52.01,soil_sand,Drying
1.269,50.99,soil_sand,Drying
1.289,49.95,soil_sand,Drying
1.309,48.92,soil_sand,Drying
1.329,47.89,soil_sand,Drying
1.349,46.86,soil_sand,Drying
1.369,45.85,soil_sand,Drying
1.389,44.86,soil_sand,Drying
1.409,43.89,soil_sand,Drying
1.429,42.94,soil_sand,Drying
1.449,42.01,soil_sand,Drying
1.469,41.12,soil_sand,Drying
1.489,40.25,soil_sand,Drying
1.509,39.42,soil_sand,Drying
1.529,38.62,soil_sand,Drying
1.549,37.86,soil_sand,Drying
1.569,37.13,soil_sand,Drying
1.589,36.43,soil_sand,Drying
1.609,35.77,soil_sand,Drying
1.629,35.14,soil_sand,Drying
1.649,34.54,soil_sand,Drying
1.669,33.98,soil_sand,Drying
1.689,33.44,soil_sand,Drying
1.709,32.94,soil_sand,Drying
1.729,32.46,soil_sand,Drying
1.749,32.01,soil_sand,Drying
1.77,31.59,soil_sand,Drying
1.79,31.2,soil_sand,Drying
1.81,30.82,soil_sand,Drying
1.83,30.47,soil_sand,Drying
1.85,30.14,soil_sand,Drying
1.87,29.83,soil_sand,Drying
1.89,29.55,soil_sand,Drying
1.91,29.27,soil_sand,Drying
1.93,29.02,soil_sand,Drying
1.95,28.78,soil_sand,Drying
1.97,28.56,soil_sand,Drying
1.99,28.35,soil_sand,Drying
2.01,28.16,soil_sand,Drying
2.03,27.97,soil_sand,Drying
2.05,27.8,soil_sand,Drying
2.07,27.64,soil_sand,Drying
2.09,27.49,soil_sand,Drying
2.11,27.35,soil_sand,Drying
2.13,27.22,soil_sand,Drying
2.15,27.1,soil_sand,Drying
2.17,26.99,soil_sand,Drying
2.19,26.88,soil_sand,Drying
2.21,26.78,soil_sand,Drying
2.23,26.69,soil_sand,Drying
2.251,26.6,soil_sand,Drying
2.271,26.52,soil_sand,Drying
2.291,26.44,soil_sand,Drying
2.311,26.37,soil_sand,Drying
2.331,26.3,soil_sand,Drying
2.351,26.24,soil_sand,Drying
2.371,26.18,soil_sand,Drying
2.391,26.13,soil_sand,Drying
2.411,26.08,soil_sand,Drying
2.431,26.03,soil_sand,Drying
2.451,25.99,soil_sand,Drying
2.471,25.95,soil_sand,Drying
2.491,25.91,soil_sand,Drying
2.511,25.87,soil_sand,Drying
2.531,25.84,soil_sand,Drying
2.551,25.81,soil_sand,Drying
2.571,25.78,soil_sand,Drying
2.591,25.75,soil_sand,Drying
2.611,25.73,soil_sand,Drying
2.631,25.7,soil_sand,Drying
2.651,25.68,soil_sand,Drying
2.671,25.66,soil_sand,Drying
2.691,25.64,soil_sand,Drying
2.711,25.62,soil_sand,Drying
2.731,25.6,soil_sand,Drying
2.752,25.59,soil_sand,Drying
2.772,25.57,soil_sand,Drying
2.792,25.56,soil_sand,Drying
2.812,25.55,soil_sand,Drying
2.832,25.53,soil_sand,Drying
2.852,25.52,soil_sand,Drying
2.872,25.51,soil_sand,Drying
2.892,25.5,soil_sand,Drying
2.912,25.49,soil_sand,Drying
2.932,25.48,soil_sand,Drying
2.952,25.48,soil_sand,Drying
2.972,25.47,soil_sand,Drying
2.992,25.46,soil_sand,Drying
3.012,25.46,soil_sand,Drying
3.032,25.45,soil_sand,Drying
3.052,25.44,soil_sand,Drying
3.072,25.44,soil_sand,Drying
3.092,25.43,soil_sand,Drying
3.112,25.43,soil_sand,Drying
3.132,25.42,soil_sand,Drying
3.152,25.42,soil_sand,Drying
3.172,25.42,soil_sand,Drying
3.192,25.41,soil_sand,Drying
3.212,25.41,soil_sand,Drying
3.232,25.41,soil_sand,Drying
3.253,25.4,soil_sand,Drying
3.273,25.4,soil_sand,Drying
3.293,25.4,soil_sand,Drying
3.313,25.4,soil_sand,Drying
3.333,25.39,soil_sand,Drying
3.353,25.39,soil_sand,Drying
3.373,25.39,soil_sand,Drying
3.393,25.39,soil_sand,Drying
3.413,25.39,soil_sand,Drying
3.433,25.39,soil_sand,Drying
3.453,25.38,soil_sand,Drying
3.473,25.38,soil_sand,Drying
3.493,25.38,soil_sand,Drying
3.513,25.38,soil_sand,Drying
3.533,25.38,soil_sand,Drying
3.553,25.38,soil_sand,Drying
3.573,25.38,soil_sand,Drying
3.593,25.38,soil_sand,Drying
3.613,25.37,soil_sand,Drying
3.633,25.37,soil_sand,Drying
3.653,25.37,soil_sand,Drying
3.673,25.37,soil_sand,Drying
3.693,25.37,soil_sand,Drying
3.713,25.37,soil_sand,Drying
3.733,25.37,soil_sand,Drying
3.754,25.37,soil_sand,Drying
3.774,25.37,soil_sand,Drying
3.794,25.37,soil_sand,Drying
3.814,25.37,soil_sand,Drying
3.834,25.37,soil_sand,Drying
3.854,25.37,soil_sand,Drying
3.874,25.37,soil_sand,Drying
3.894,25.37,soil_sand,Drying
3.914,25.37,soil_sand,Drying
3.934,25.37,soil_sand,Drying
3.954,25.37,soil_sand,Drying
3.974,25.37,soil_sand,Drying
3.994,25.37,soil_sand,Drying
4.014,25.37,soil_sand,Drying
4.034,25.37,soil_sand,Drying
4.054,25.37,soil_sand,Drying
4.074,25.37,soil_sand,Drying
4.094,25.37,soil_sand,Drying
4.114,25.37,soil_sand,Drying
4.134,25.37,soil_sand,Drying
4.154,25.36,soil_sand,Drying
4.174,25.36,soil_sand,Drying
4.194,25.36,soil_sand,Drying
4.214,25.36,soil_sand,Drying
4.234,25.36,soil_sand,Drying
4.255,25.36,soil_sand,Drying
4.275,25.36,soil_sand,Drying
4.295,25.36,soil_sand,Drying
4.315,25.36,soil_sand,Drying
4.335,25.36,soil_sand,Drying
4.355,25.36,soil_sand,Drying
4.375,25.36,soil_sand,Drying
4.395,25.36,soil_sand,Drying
4.415,25.36,soil_sand,Drying
4.435,25.36,soil_sand,Drying
4.455,25.36,soil_sand,Drying
4.475,25.36,soil_sand,Drying
4.495,25.36,soil_sand,Drying
4.515,25.36,soil_sand,Drying
4.535,25.36,soil_sand,Drying
4.555,25.36,soil_sand,Drying
4.575,25.36,soil_sand,Drying
4.595,25.36,soil_sand,Drying
4.615,25.36,soil_sand,Drying
4.635,25.36,soil_sand,Drying
4.655,25.36,soil_sand,Drying
4.675,25.36,soil_sand,Drying
4.695,25.36,soil_sand,Drying
4.715,25.36,soil_sand,Drying
4.735,25.36,soil_sand,Drying
4.756,25.36,soil_sand,Drying
4.776,25.36,soil_sand,Drying
4.796,25.36,soil_sand,Drying
4.816,25.36,soil_sand,Drying
4.836,25.36,soil_sand,Drying
4.856,25.36,soil_sand,Drying
4.876,25.36,soil_sand,Drying
4.896,25.36,soil_sand,Drying
4.916,25.36,soil_sand,Drying
4.936,25.36,soil_sand,Drying
4.956,25.36,soil_sand,Drying
4.976,25.36,soil_sand,Drying
4.996,25.36,soil_sand,Drying
5.016,25.36,soil_sand,Drying
5.036,25.36,soil_sand,Drying
5.056,25.36,soil_sand,Drying
5.076,25.36,soil_sand,Drying
5.096,25.36,soil_sand,Drying
5.116,25.36,soil_sand,Drying
5.136,25.36,soil_sand,Drying
5.156,25.36,soil_sand,Drying
5.176,25.36,soil_sand,Drying
5.196,25.36,soil_sand,Drying
5.216,25.36,soil_sand,Drying
5.236,25.36,soil_sand,Drying
5.257,25.36,soil_sand,Drying
5.277,25.36,soil_sand,Drying
5.297,25.36,soil_sand,Drying
5.317,25.36,soil_sand,Drying
5.337,25.36,soil_sand,Drying
5.357,25.36,soil_sand,Drying
5.377,25.36,soil_sand,Drying
5.397,25.36,soil_sand,Drying
5.417,25.36,soil_sand,Drying
5.437,25.36,soil_sand,Drying
5.457,25.36,soil_sand,Drying
5.477,25.36,soil_sand,Drying
5.497,25.36,soil_sand,Drying
5.517,25.36,soil_sand,Drying
5.537,25.36,soil_sand,Drying
5.557,25.36,soil_sand,Drying
5.577,25.36,soil_sand,Drying
5.597,25.36,soil_sand,Drying
5.617,25.36,soil_sand,Drying
5.637,25.36,soil_sand,Drying
5.657,25.36,soil_sand,Drying
5.677,25.36,soil_sand,Drying
5.697,25.36,soil_sand,Drying
5.717,25.36,soil_sand,Drying
5.737,25.36,soil_sand,Drying
5.758,25.36,soil_sand,Drying
5.778,25.36,soil_sand,Drying
5.798,25.36,soil_sand,Drying
5.818,25.36,soil_sand,Drying
5.838,25.36,soil_sand,Drying
5.858,25.36,soil_sand,Drying
5.878,25.36,soil_sand,Drying
5.898,25.36,soil_sand,Drying
5.918,25.36,soil_sand,Drying
5.938,25.36,soil_sand,Drying
5.958,25.36,soil_sand,Drying
5.978,25.36,soil_sand,Drying
5.998,25.36,soil_sand,Drying
6.018,25.36,soil_sand,Drying
6.038,25.36,soil_sand,Drying
6.058,25.36,soil_sand,Drying
6.078,25.36,soil_sand,Drying
6.098,25.36,soil_sand,Drying
6.118,25.36,soil_sand,Drying
6.138,25.36,soil_sand,Drying
6.158,25.36,soil_sand,Drying
6.178,25.36,soil_sand,Drying
6.198,25.36,soil_sand,Drying
6.218,25.36,soil_sand,Drying
6.238,25.36,soil_sand,Drying
6.259,25.36,soil_sand,Drying
6.279,25.36,soil_sand,Drying
6.299,25.36,soil_sand,Drying
6.319,25.36,soil_sand,Drying
6.339,25.36,soil_sand,Drying
6.359,25.36,soil_sand,Drying
6.379,25.36,soil_sand,Drying
6.399,25.36,soil_sand,Drying
6.419,25.36,soil_sand,Drying
6.439,25.36,soil_sand,Drying
6.459,25.36,soil_sand,Drying
6.479,25.36,soil_sand,Drying
6.499,25.36,soil_sand,Drying
6.519,25.36,soil_sand,Drying
6.539,25.36,soil_sand,Drying
6.559,25.36,soil_sand,Drying
6.579,25.36,soil_sand,Drying
6.599,25.36,soil_sand,Drying
6.619,25.36,soil_sand,Drying
6.639,25.36,soil_sand,Drying
6.659,25.36,soil_sand,Drying
6.679,25.36,soil_sand,Drying
6.699,25.36,soil_sand,Drying
6.719,25.36,soil_sand,Drying
6.739,25.36,soil_sand,Drying
6.76,25.36,soil_sand,Drying
6.78,25.36,soil_sand,Drying
6.8,25.36,soil_sand,Drying
6.82,25.36,soil_sand,Drying
6.84,25.36,soil_sand,Drying
6.86,25.36,soil_sand,Drying
6.88,25.36,soil_sand,Drying
6.9,25.36,soil_sand,Drying
6.92,25.36,soil_sand,Drying
6.94,25.36,soil_sand,Drying
6.96,25.36,soil_sand,Drying
6.98,25.36,soil_sand,Drying
7,25.36,soil_sand,Drying